name,slogan
Jamia,enable wireless schemas
Jetwire,recontextualize mission-critical metrics
Npath,drive turn-key niches
Vitz,harness next-generation applications
Linkbridge,engage granular vortals
Thoughtstorm,syndicate world-class convergence
Skipstorm,recontextualize dynamic platforms
Oyoyo,deploy impactful communities
Plajo,matrix wireless action-items
Buzzbean,grow real-time methodologies
Jatri,incentivize turn-key e-services
Feedbug,generate back-end applications
Brainsphere,brand intuitive action-items
Devpulse,incubate collaborative paradigms
Skyndu,unleash robust bandwidth
Meetz,benchmark world-class portals
Babbleset,architect world-class mindshare
Thoughtmix,expedite compelling methodologies
Teklist,architect world-class synergies
Oyonder,aggregate bricks-and-clicks initiatives
Trilith,e-enable leading-edge markets
Wordware,e-enable bleeding-edge systems
Jaxworks,cultivate B2B e-services
Gigaclub,reintermediate next-generation convergence
Voonyx,architect one-to-one action-items
Photofeed,generate bleeding-edge interfaces
Brainsphere,matrix back-end eyeballs
Geba,scale bricks-and-clicks channels
Jabberstorm,expedite visionary schemas
Mudo,orchestrate efficient initiatives
Oyope,enhance cutting-edge action-items
Pixope,implement robust partnerships
Fliptune,synergize mission-critical niches
Devcast,engage cross-platform synergies
JumpXS,generate bricks-and-clicks platforms
Browsetype,implement enterprise models
Skinte,recontextualize user-centric metrics
Edgepulse,reinvent killer ROI
Twitterwire,reintermediate web-enabled content
Bluejam,disintermediate proactive infrastructures
Feedbug,seize intuitive initiatives
Livetube,extend frictionless markets
Oba,expedite granular niches
Blognation,expedite rich web services
Layo,brand transparent portals
Meezzy,evolve end-to-end functionalities
Zoombox,integrate magnetic bandwidth
Tanoodle,matrix robust web-readiness
Avaveo,implement sexy eyeballs
Devify,envisioneer back-end e-markets
Fiveclub,unleash enterprise paradigms
Digitube,disintermediate enterprise users
Katz,utilize viral users
Zazio,generate bricks-and-clicks interfaces
Thoughtmix,evolve impactful solutions
Kwinu,harness revolutionary interfaces
Buzzbean,integrate plug-and-play mindshare
Eidel,syndicate value-added niches
Jabbertype,empower integrated e-services
Kanoodle,reintermediate cross-media ROI
Gabcube,enable turn-key partnerships
Centidel,aggregate revolutionary metrics
Youtags,redefine dot-com infomediaries
Fliptune,exploit real-time e-markets
Realmix,matrix granular communities
Gabtune,extend 24/365 web services
Flashspan,implement clicks-and-mortar synergies
Bubblemix,enable synergistic users
Yacero,grow world-class partnerships
Skyvu,repurpose sexy web services
Tazzy,matrix cutting-edge vortals
Fanoodle,incentivize transparent platforms
Topdrive,redefine viral metrics
Meedoo,evolve impactful methodologies
Youopia,scale enterprise mindshare
Skyndu,transform compelling action-items
LiveZ,innovate out-of-the-box metrics
JumpXS,aggregate sexy methodologies
Yodo,matrix dynamic partnerships
Divape,revolutionize collaborative synergies
Zazio,expedite e-business solutions
Voomm,orchestrate leading-edge ROI
Dynabox,leverage customized eyeballs
Thoughtstorm,brand 24/7 e-tailers
Babblestorm,drive one-to-one communities
Blogspan,strategize collaborative convergence
Divavu,reintermediate B2C eyeballs
Myworks,innovate proactive web-readiness
Meejo,extend world-class synergies
Tagtune,whiteboard wireless e-business
Edgeify,engineer customized eyeballs
Brightbean,benchmark 24/7 models
Trilia,engineer open-source initiatives
Youtags,syndicate user-centric experiences
Eayo,facilitate world-class metrics
Buzzshare,extend bleeding-edge paradigms
Ntags,strategize scalable partnerships
Devpoint,incentivize plug-and-play schemas
Meemm,repurpose magnetic schemas
Gigazoom,cultivate leading-edge partnerships
