country,timezone,address
Indonesia,Asia/Jakarta,8 Washington Park
Sweden,Europe/Stockholm,2932 Nelson Lane
Canada,America/Winnipeg,42111 Mallory Drive
China,Asia/Shanghai,0772 Fallview Hill
Eritrea,Africa/Asmara,6436 Meadow Valley Junction
Nigeria,Africa/Lagos,9 Sunnyside Drive
France,Europe/Paris,696 Union Parkway
China,Asia/Shanghai,991 Bobwhite Parkway
Indonesia,Asia/Jakarta,0285 Leroy Center
Peru,America/Lima,03517 Ruskin Circle
China,Asia/Harbin,0814 Talmadge Road
Brazil,America/Sao_Paulo,245 Monument Park
Israel,Asia/Hebron,48 Kim Trail
Russia,Europe/Moscow,37047 Truax Circle
China,Asia/Harbin,380 Melrose Plaza
China,Asia/Chongqing,4 Glacier Hill Hill
China,Asia/Chongqing,55166 Pierstorff Parkway
Croatia,Europe/Zagreb,1 Sycamore Drive
China,Asia/Shanghai,579 Hauk Crossing
China,Asia/Urumqi,52706 Westridge Place
Sweden,Europe/Stockholm,68 Cordelia Street
Guam,Pacific/Guam,117 Susan Terrace
Portugal,Europe/Lisbon,94 Reinke Alley
Brazil,America/Sao_Paulo,5522 Heffernan Pass
Russia,Europe/Moscow,43 Waubesa Trail
Azerbaijan,Asia/Baku,68592 Dexter Circle
Lebanon,Asia/Beirut,99 Stoughton Place
Poland,Europe/Warsaw,29460 Sutherland Lane
Thailand,Asia/Bangkok,7 Harper Street
Brazil,America/Sao_Paulo,7865 Dovetail Crossing
Syria,Asia/Damascus,573 Fulton Pass
China,Asia/Shanghai,130 North Parkway
Togo,Africa/Lome,07347 Russell Place
Poland,Europe/Warsaw,720 Debra Hill
Croatia,Europe/Zagreb,5 Anzinger Lane
Philippines,Asia/Manila,226 Mockingbird Park
China,Asia/Chongqing,6 Trailsway Center
South Korea,Asia/Seoul,58078 Meadow Ridge Crossing
Croatia,Europe/Zagreb,87267 Duke Road
Canada,America/Toronto,7 Dexter Place
Afghanistan,Asia/Kabul,9 Oak Circle
Spain,Europe/Madrid,2 Maryland Junction
Portugal,Europe/Lisbon,11 Park Meadow Avenue
Poland,Europe/Warsaw,92 Pine View Crossing
China,Asia/Harbin,7 Debs Point
Indonesia,Asia/Jakarta,18484 Maywood Road
Indonesia,Asia/Jakarta,036 Macpherson Place
Ireland,Europe/Dublin,817 Eagle Crest Point
Venezuela,America/Caracas,6322 Truax Parkway
Guatemala,America/Guatemala,5 Shoshone Road
Indonesia,Asia/Jakarta,50419 Kenwood Drive
Venezuela,America/Caracas,7246 Emmet Court
Indonesia,Asia/Jakarta,2120 Old Gate Circle
Estonia,Europe/Tallinn,8 Elmside Hill
Philippines,Asia/Manila,60 Declaration Trail
Indonesia,Asia/Jakarta,872 Warbler Alley
Sweden,Europe/Stockholm,5597 Di Loreto Court
Libya,Africa/Tripoli,9 Vahlen Pass
Indonesia,Asia/Jakarta,2 Dayton Street
Poland,Europe/Warsaw,8 Mccormick Street
Indonesia,Asia/Jakarta,968 Loomis Alley
Syria,Europe/Istanbul,8987 Bowman Junction
Sweden,Europe/Stockholm,49893 Rusk Place
South Africa,Africa/Johannesburg,7587 Independence Court
Indonesia,Asia/Jakarta,674 Golf Course Crossing
Zambia,Africa/Lusaka,041 Maywood Park
Dominican Republic,America/Santo_Domingo,6 Eagle Crest Plaza
Philippines,Asia/Manila,9 Shelley Pass
Indonesia,Asia/Makassar,3254 Linden Circle
Italy,Europe/Rome,3304 Mcguire Trail
China,Asia/Chongqing,71 Green Ridge Road
China,Asia/Shanghai,6 Welch Park
Brazil,America/Bahia,99872 Continental Trail
Philippines,Asia/Manila,5 Prairieview Road
Indonesia,Asia/Makassar,863 Paget Point
Madagascar,Indian/Antananarivo,729 Victoria Hill
Nigeria,Africa/Lagos,69 Coolidge Circle
China,Asia/Chongqing,03179 7th Way
Indonesia,Asia/Jakarta,47 Nancy Circle
Philippines,Asia/Manila,2 Lighthouse Bay Parkway
Nigeria,Africa/Porto-Novo,11980 Golf View Pass
Brazil,America/Sao_Paulo,2 La Follette Point
Poland,Europe/Warsaw,0600 Londonderry Street
Syria,Asia/Damascus,85 Golf Course Trail
China,Asia/Harbin,223 Porter Drive
Philippines,Asia/Manila,27 Transport Street
China,Asia/Shanghai,2351 North Point
Poland,Europe/Warsaw,964 International Point
Russia,Europe/Moscow,09 Kipling Alley
United States,America/Chicago,11 Old Gate Circle
Brazil,America/Sao_Paulo,1550 Anthes Crossing
San Marino,Europe/San_Marino,0 Myrtle Drive
Ukraine,Europe/Zaporozhye,71396 Burrows Street
Sri Lanka,Asia/Colombo,516 Ridgeway Lane
Poland,Europe/Warsaw,4 Old Gate Court
Vietnam,Asia/Ho_Chi_Minh,7 East Way
South Africa,Africa/Johannesburg,85 Manufacturers Circle
China,Asia/Chongqing,39 Little Fleur Way
Brazil,America/Maceio,9 Westend Point
China,Asia/Harbin,49068 Prairie Rose Crossing