skill,level
EFTPOS,4
Watercolor Illustration,1
JiBX,7
Environmental Science,8
Events Organisation,1
JSA,4
CTMS,6
EHS,10
Ideas NX,3
Funding,4
Orthopedics,6
Internet TV,9
Alternative Dispute Resolution,6
Oscilloscope,10
eGaming,9
Analytical Ultracentrifugation,3
Peer Tutoring,5
Catering,8
QAS,8
Ocular Disease,5
Aquatic Therapy,7
Outdoor Recreation,7
IT Governance,1
EEPROM,4
Topographic Surveys,3
Git,6
Wastewater Treatment,10
FDA,1
AMSI,4
Working Capital Management,6
qRT-PCR,7
UCS,5
Ultipro,7
Japanese Language Proficiency Test,10
Chamber Music,4
RFLP,9
Rheumatoid Arthritis,7
Public Health,5
Bodywork,6
FX Derivatives,6
DMZ,5
IIS,1
IT Recruitment,4
CSG,1
Application Architecture,1
Income Tax,9
Differentiated Instruction,6
Fiber Optics,2
OOP,8
Zimbra,7
Social Media Outreach,9
CWA,9
PVSyst,5
ERP Software,3
Mac &amp; PC platforms,8
Beauty Industry,1
JDE Enterprise One,9
Time-efficient,8
WCDMA,6
DTH,9
Akamai,2
PVR,9
VoIP,7
Knowledge Sharing,8
MRB,5
LCD TV,9
Sage 300 ERP,8
FTP,8
Foreign Languages,1
GPS Applications,9
Agronomy,7
IEEE 802.3,2
Legislative Affairs,7
HTK,7
FMS,5
MCEV,8
Norton Utilities,1
HCSS,3
Toxicology,4
Business Ethics,2
Prenuptial Agreements,4
New Hire Training,4
Drug Development,5
MXF,5
IBC,8
PgSQL,10
Keil,9
IOS-XR,10
TFT,5
Kohana,8
Kohana,9
GMPLS,8
Transitional Justice,1
Railway,7
Solid Oxide Fuel Cells,2
Video,4
DOS,10
LPS Desktop,4
SnapMirror,1
Airline Management,9
Global Custody,7
SVT,7
HLR,5
Customer Service,2
Project Management,5
CSCS,5
Abaqus,1
Irrigation Management,1
OAT,9
Simple IRA,7
TTS,3
EHR,1
Two-way Radio,7
SSAS 2008,1
Petroleum Geology,8
Equestrian,6
PMO Development,1
Nuke,1
Clerical Skills,4
Ambulatory Care,4
MDS,4
BTS Installation,1
Animation,5
Physicians,10
Driving Results,2
Rooms Division,10
Software Testing Life Cycle,10
IB,2
Chamber Music,1
Corel Draw,2
Pinterest,2
Data Quality,4
Analytical Ultracentrifugation,2
Agriculture,9
Rule Of Law,9
Guitar Playing,1
TCLEOSE Instruction,4
Film Production,2
Toyota Production System,4
UV,5
Water Quality,6
Sleep Apnea,8
Sea Kayaking,4
Website Updating,4
DC Circuits,8
GSM,3
Freelance Writing,3
Business Objects,6
Smarty,4
Construction Management,8
BMPs,2
SR&amp;ED,9
DFR,8
Kung Fu,6
C-TPAT,10
IT Risk Management,7
SNMP,5
Windows Server,3
Full-life Cycle Recruiting,6
MCDST,7
Rubber,7
7 QC Tools,10
IB,6
DV Camera Operator,3
Business Aviation,5
Equestrian,7
HLR,8
Kernel Programming,7
CBP,5
Healing,4
Sleep Disorders,2
FSL,9
Lutron,10
PFlow,5
Outdoors,8
Team Effectiveness,2
CDS,4
Political Risk Analysis,1
Ghost Imaging,7
JMF,3
IWR,3
Landlords,4
Overcoming Challenges,7
Hudson,8
GNU/Linux,9
ILOG,2
SGE,4
ASP,4
NPDES,3
JDO,4
Canon DSLR,9
LDPC,5
TMMi,7
SDL Trados,10
Snacks,2
Earthworks,8
HLR,6
Mycobacteriology,4
HMO,9
Revenue Analysis,9
MHRA,9
Visual Basic,5
KWI,2
XRF,9
Snoring,6
GSD,4
APQP,9
BSR Advance,6
cXML,6
PPE,5
DNS Administration,8
Breaking News,9
Music,6
HP Server Hardware,2
Green Belt,1
HR Information Management,10
Xsigo,3
Business Objects Data Integrator,10
Microsoft Publisher,2
IBM Mainframe,9
KNX,2
Ambulance,8
Formation Evaluation,4
CFM,1
Workshop Facilitation,5
Guest Lecturing,6
Singing,10
IEC 61131-3,5
Myofascial Release Therapy,10
Press Kits,10
IDS,3
GDAL,6
QAM,9
Vacation,4
Minority Owned,1
Technical Writing,2
Avid Xpress,8
Circuit Design,2
VB.NET,10
Cross Functional Team Building,4
VRML,5
GVP,3
Kyoto Protocol,5
Zope,3
MCDBA,9
GBS,1
Blended Learning,3
xBase,3
Ultrasonic Testing,3
OnQ,9
TMW,4
GCPs,3
Art Education,7
Electricity,10
Yellow Belt,1
MVNE,7
Optical Tweezers,1
Gaming Industry,2
BTS,2
PDF Creator,1
JPAS,1
QMF,1
Oversight,1
Channel Partners,5
Yahoo Search,1
eBay,8
NCLB,4
Simulations,6
AOI,10
NDM,2
Hazard Identification,8
VTL,10
Therapeutic Massage,5
Participant Observation,8
Ultrasound,8
E-commerce,5
RFLP,2
CTC,6
Localization,2
Food Safety,9
Assurance,10
Supplier Evaluation,5
Jeep,2
zSeries,4
Facilities Management,8
TPU,4
NI LabVIEW,8
ISO 27001,5
Vocal Coaching,10
ODC,1
Ethernet,9
RUP,5
RPG III,3
Junior Golf,10
Media Relations,5
Computer Games,6
XML Publisher,3
Consulting,7
Power Systems,9
FTPS,9
News Writing,6
IELTS,2
Pre-opening,7
PMO Development,2
Adobe Creative Suite,5
CNA,3
Digital Printing,7
Ulcerative Colitis,8
EPR,8
Active-HDL,10
Healthcare,10
Budgeting,8
FPLC,6
PIX,5
Gypsum,10
TDP,5
Registered Nurses,6
IPO,3
Lyric Soprano,6
Stakeholder Management,9
Vector Illustration,2
WDS,3
JBoss ESB,10
OEM contracts,5
CT Summation,3
Literacy,2
QlikView,4
Regulatory Affairs,4
Gyrokinesis,1
EBR,1
IABP,10
Oxidation,1
Psychosocial,3
VB.NET,7
OHSAS 18001,10
Oxy-acetylene,3
EOI,6
Smart Grid,7
MRI Plus,7
NT Backup,4
AutoCAD,8
VRTX,4
CPCU,10
Google Earth,1
Urban Planning,3
Eyelid Surgery,2
Crystal Xcelsius 2008,8
RPG,9
Public Speaking,9
OMT,4
Tax Research,6
JTAPI,9
QAM,3
Utilization Management,2
HSE Management Systems,7
Sony Vegas,8
DVB-S,1
Chemical Engineering,2
Sony Vegas,10
Ecotect,5
MPR,3
NDS,10
Axure RP,5
Water Features,5
SNA,7
Cash Flow,2
ISO 9001,2
Patient Advocacy,10
NFS,6
Blueprint Reading,1
Photoshop,5
Portuguese,5
SI,5
User Interface,8
Cement,1
UCP 600,1
Usability Testing,6
Yii,1
Illustration,5
Secure FTP,3
HDF5,1
Background Checks,6
Patient Advocacy,10
History,7
NGS,9
Tax Accounting,2
HRIS Database Management,10
Kofax,10
MMI,9
PnL,8
Natural Gas,3
BST,7
Lloyds,10
Western Blotting,3
OEL,9
Diabetes,7
RTGS,10
PDI,9
Crossbeam XOS,4
Lua,3
DLS,10
DSM-IV,5
GPFS,1
Gypsum,10
Mineral Exploration,7
Formation Evaluation,9
Water Treatment,8
CME,2
VPM,8
Job Descriptions,5
JMP,9
HTRF,8
Ambulance,5
Generators,10
Spanish,7
Wound Care,4
Otology,6
Gypsum,5
Logo Design,2
Information Architecture,2
CVA,6
Control Systems Design,3
Protein Expression,2
IXOS,8
American Welding Society (AWS),8
Background Checks,2
Environmental Management Systems,2
Governance,9
ATLS,5
Income Tax,7
Localization,9
QRM,4
IRI Xlerate,5
OS/400,8
Utilization Review,4
MQL,8
WS,3
OnQ,3
JRuby,5
HW development,10
TBS,9
Time-efficient,10
Yacht Deliveries,9
BDCs,7
Ruby,10
Electricians,1
Quality Control,6
Web Design,7
PBX,6
Hospital Sales,7
Equity Capital Markets,7
IaaS,2
ClearCase,4
Snowmobile,10
Rapid Prototyping,2
Kaspersky Antivirus,10
Wholesale Lending,6
IEEE,6
Epistemology,4
Avaya Communication Manager,2
FCPA,2
FPLC,5
Employee Handbooks,5
Online Communications,8
ICH Guidelines,10
Board Development,8
APQP,6
RFLP,1
IB,2
Electric Guitar,1
Inspection,8
Store Management,6
Wind,9
BPH,2
Pymol,10
FCIP,9
Mixed-use,3
Human Factors,3
TPA,4
Octave,8
Justice,10
LLDP,3
Graphic Design,6
CVD,9
Olefins,6
BPEL,7
Contract Negotiation,4
iGrafx,10
Eclipse RCP,8
Client Services,4
Small Business Lending,10
Urban Infill,6
Oracle,9
EPM,8
VDA,10
KRA,7
D3.js,5
UGS,4
IWR,3
Occupational Health,2
Rubber,1
Analysis,7
Biopharmaceuticals,4
Piano Playing,1
SOA BPEL,9
Distribution Center Operations,2
System Deployment,4
Economic Development,8
RTB,10
GxP,10
FPS,2
Litigation Support,10
VMware vCenter,10
Business Analysis,8
Rollout,7
Crossbeam XOS,10
Environmental Awareness,3
CICS,2
YSlow,8
WTT,5
3D Visualization,10
Yahoo Search,3
XFOIL,6
Xerox Printers,6
Diagnostic Ultrasound,8
Angel LMS,9
Jitter,1
Helicopters,3
GHP,6
Solution Architecture,8
Jeet Kune Do,2
QALoad,1
MRB,5
BPD,10
Entity Framework,8
DNA ligation,8
Medical Devices,3
ABAP Web Dynpro,3
GUI,5
Drilling,5
Utilization Review,9
LR,5
SX.enterprise,7
EZNews,1
Military Experience,6
PLC,6
DH+,4
SSRS,10
HD Video,2
Switches,3
Active-HDL,3
Snoring,9
NPI Management,3
Executive Coaching,9
Site Development,9
HP Openview,7
Apollo GDS,1
JGroups,6
PVElite,2
Telecom BSS,8
MM7,3
RCP,9
Robotics,7
Durable Goods,3
Time &amp; Attendance,1
Pivot Tables,4
Supply Chain Optimization,7
JBoss ESB,2
Technical Documentation,9
MKS Integrity,5
Wiring,9
SnapMirror,9
ERD,5
Hospitals,6
Jitterbit,3
TFM,6
WF,8
Brand Equity,7
Pylons,8
Client Services,9
UMTS,4
CNC,8
MLRO,1
GFAAS,3
GxP,5
FTO,6
Powers of Attorney,6
PMCS,7
Internet Banking,7
Cross-functional Team Leadership,8
HR Solutions,8
NICE Call Recording,6
Globalization,8
Personnel Management,2
D3.js,2
HR Metrics,3
Sarbanes-Oxley Act,2
Social Media Marketing,2
Year-end Close,7
Windows Vista,4
Singing,5
Yardi Property Management,10
Welding,6
Early-stage Startups,2
General Ledger,4
iSCSI,5
NVR,5
TSM Administration,2
CCIM,9
Ethernet over SDH,9
NRSWA,7
qRT-PCR,4
AAT,10
Curriculum Development,1
Construction,4
Aeronautics,3
CPFR,6
SDLC,4
Drip Irrigation,8
FCNSA,2
Knowledge Engineering,6
HMIs,10
CMS,10
Aerial Photography,7
Logo Design,5
Offshoring,3
Cultural Awareness,9
UMA,6
DDL,5
Equity Derivatives,9
Project Planning,10
Interpersonal Skills,6
SWIFT Messaging,8
Xsigo,4
Occupational Health,1
Registered Nurses,7
Ultrasound,2
Bonds,10
AJAX,3
Warehouse Management,4
BDD,8
Olfaction,7
gPROMS,6
FF&amp;E Specifications,3
MCSA Security,7
Pain Management,6
PVD,4
Xerces,4
Norwegian,3
nCloth,8
DDM,1
Air Freight,9
RCA,9
FSL,1
Higher Education Administration,4
Earned Value Management,7
Geology,6
Corporate Finance,3
Legal Writing,1
Billing Systems,9
IEC 60601,10
QS1,5
Solaris Zones,9
Chronic Illness,3
LN,3
Clinical Development,2
TSCM,8
Yellow Belt,3
Basel II,7
LLDP,8
Erosion,1
Culture Change,10
Oracle E-Business Suite,3
EPM,1
Outsourcing Management,9
VPLS,8
xSeries,1
401k Rollovers,10
Tds,3
Furnishings,6
PWS,8
FBO,8
T-SQL,6
VTS,2
Glasses,9
Pymol,6
Customs Regulations,3
Music Festivals,7
CDL,8
Occupational Rehabilitation,10
BPWin,1
Virtual DJ,1
Utilities Management,5
Awk,2
Newspapers,10
JConsole,8
Myofascial,4
DNA Extraction,7
DV,9
Performing Arts,6
Kaspersky,5
EPC,7
Urology,9
Big Data,9
Basic HTML,10
ICDL,4
RT-PCR,7
Tax Advisory,7
Real Estate License,4
Real Estate Transactions,10
OTM,5
Application Architecture,8
Gemba Kaizen,6
Psychodynamic Psychotherapy,3
IQMS,6
eWFM,4
Employer Branding,3
Business Aviation,7
Oilfield,2
TNCC,6
Guitar,2
Utility Systems,2
Play by Play,7
RCS,2
Turbo C++,2
IEC 60601,7
Overall Wellness,1
Lead Generation,7
D3.js,4
DX200,7
Job Search,6
Rational XDE,9
OASIS,2
Natural Language Processing,8
HLASM,4
CSCP,8
Lightroom,10
Business Development,10
Feasibility Studies,6
Urban,6
Office Management,10
Silverlight,9
Myofascial,8
jBase,5
Social Skills,4
Digital Electronics,7
ATP,9
TWIC Card,5
Kundalini Yoga,9
NFPA,2
Robotics,6
SAP PP,1
RNC,5
iBatis,3
Roth IRA,10
RTI,3
Lyrics,5
Lifestyle,7
Ambulance,5
Licensing,1
Mathematical Modeling,2
RMADS,8
Linux KVM,1
Oracle SQL Developer,8
First Year Experience,3
KYC,9
Hatha Yoga,5
eGate,4
Downstream Oil &amp; Gas,6
Sports Play-by-play,5
Real Estate Due Diligence,3
Ambulance,6
Music Production,10
German,4
Civil Engineering,1
Eagle PCB,7
Urban Planning,3
Lucene,8
Vascular,7
Rural Marketing,3
JCO,1
HSPD-12,2
Kodaly,9
Kohana,10
Offshore Outsourcing,4
Revenue Analysis,2
Gas Turbines,9
Corporate Law,3
SSRS,3
Kaspersky,3
Gas,1
UK Law,2
IBM AIX,8
TQM,2
RCT,10
CQ,9
Evangelism,10
Visual Effects,5
MMORPG,3
Music Theory,8
Road Traffic,8
Citrix XenDesktop,9
JSON-RPC,1
Egyptian Arabic,8
Ethernet,5
HVAC,8
Olympic Lifting,8
LSP,4
Ericsson OSS,5
LLC,6
VTC,10
ICD-10,8
TJC,6
Juniper JNCIA,4
Construction Drawings,3
TIG Welding,8
JDeveloper,7
E-commerce,9
Zimbra,5
Juvenile Delinquency,4
SNOMED,1
NDA,3
JDeveloper,9
QARun,8
DNS Server,7
NYISO,7
T-SQL Stored Procedures,9
WebLogic,3
Mental Health,9
Critical Thinking,10
IED,6
VTP,4
3D Modeling,3
Oracle,8
Grassroots,3
RQM,4
Small Business Lending,5
Patient Safety,1
fMRI,7
Civil Engineering,8
ZigBee,9
PFP,10
Criminal Law,10
PDP,4
DSO,5
American Sign Language,2
Architectural Drawings,10
Zimbra,1
SSADM,10
DNS,1
Yarn,2
Songwriting,10
Nutrition Education,4
UCSC Genome Browser,5
Xilinx,10
Research,1
Glasses,5
Lighting,9
Cisco Routers,9
Navigation,7
OSHA 30-Hour,3
Zymography,4
IETF,7
Ion Chromatography,9
IT Solutions,10
Skin Care,3
DWBI,4
VSD,6
BMC Remedy Ticketing System,9
Squid,10
SV,1
JAX-WS,3
UK Corporation Tax,3
IT Risk Management,2
ERP Software,3
VBA,3
BPCS,2
Tcl-Tk,7
JCT,8
XAUI,1
Genomics,10
FMA,7
NNTP,8
Sleep Disorders,6
Process Simulation,3
Btrieve,6
CPFR,10
KnockoutJS,8
Epi Info,7
ESB,7
Algorithms,10
XFire,8
AJAX,5
DMS-100,5
Chromatography,4
iView,3
Public Speaking,2
Emotional Intelligence,6
Long Distance Running,9
LDPC,1
dsPIC,2
NGN,3
Human Capital,4
General Surgery,4
CTAs,8
Key Account Management,1
OGRE,5
OLAP,2
InfoComm CTS,7
DDS,10
Kitchen Cabinets,8
JDE CNC,2
FFA,7
SBR,5
XSLT,7
PyUnit,6
Citrix,3
Middle Eastern Studies,10
Biostatistics,7
Top Secret,1
ICAO,4
RTU,8
Knowledge Sharing,3
Wellbeing,7
Ultrasonics,8
FMA,4
Cleaning Validation,5
EOC,6
UV-Vis-NIR,6
IFS ERP,3
CMMI Level 5,4
FM200,2
CTF,10
Twisted,3
Mental Health Counseling,2
Niche Marketing,8
CFDs,2
Negotiation,4
Pensions,10
Control Systems Design,6
RPG,5
HP Servers,7
Rollout,4
ZeroMQ,5
WebSphere MQ,4
MS Reporting Services,8
cGMP practices,5
mLearning,2
Geography,1
Myers-Briggs Certified,1
SDSF,5
VPP,9
Google Adwords,1
Microsoft Dynamics,2
DDL,2
Microsoft Exchange,2
ATG CSC,4
Quality Control,6
PY,7
High Rise,1
DDA,3
Bookkeeping,4
Fine Art Photography,1
Business Analysis,6
Subversion,3
Turbomachinery,3
DFP,8
OGC,6
Luxury Lifestyle,6
MPBGP,1
MRI Software,8
RTGS,3
SAP HR,8
Equipment Installation,2
SSL,3
CPAP,7
SRM 5.0,6
Real Estate Economics,6
NIR Spectroscopy,4
Troubleshooting,5
OSI Model,2
Publishing,2
Black Belt,1
Managed Care,8
English,4
UK Tax,6
VW,7
XStream,6
Ethics,8
TBS,3
DMEDI,3
EP,3
Java Applets,3
OOAD,5
Assisting Others,10
CMMI,7
Amazon RDS,5
LSI,9
WFC,7
LNA,2
